Workbook

Sheet 定投明细
A1: 月份 | B1: 月初指数 | C1: 月末指数 | D1: 指数涨跌% | E1: 本月投入(元) | F1: 本月购买份额 | G1: 累计份额 | H1: 累计投入(元) | I1: 平均成本 | J1: 月末市值(元) | K1: 累计收益(元) | L1: 收益率% | M1: 现金流入(元) | N1: 现金流日期
A2: 2025-01 | B2: 20975.62 | C2: 21478.05 | D2: 2.4 | E2: 8000 | F2: =E2/B2 | G2: =SUM(F2:F2) | H2: =SUM(E2:E2) | I2: =H2/G2 | J2: =G2*C2 | K2: =J2-H2 | L2: =K2/H2 | M2: =-E2 | N2: =DATE(2025,1,1)
A3: 2025-02 | B3: 21297.58 | C3: 20884.41 | D3: -1.94 | E3: 8000 | F3: =E3/B3 | G3: =G2+F3 | H3: =SUM(E2:E3) | I3: =H3/G3 | J3: =G3*C3 | K3: =J3-H3 | L3: =K3/H3 | M3: =-E3 | N3: =DATE(2025,2,1)
A4: 2025-03 | B4: 20425.58 | C4: 19278.45 | D4: -5.62 | E4: 8000 | F4: =E4/B4 | G4: =G3+F4 | H4: =SUM(E2:E4) | I4: =H4/G4 | J4: =G4*C4 | K4: =J4-H4 | L4: =K4/H4 | M4: =-E4 | N4: =DATE(2025,3,1)
A5: 2025-04 | B5: 19436.42 | C5: 19571.02 | D5: 0.69 | E5: 8000 | F5: =E5/B5 | G5: =G4+F5 | H5: =SUM(E2:E5) | I5: =H5/G5 | J5: =G5*C5 | K5: =J5-H5 | L5: =K5/H5 | M5: =-E5 | N5: =DATE(2025,4,1)
A6: 2025-05 | B6: 19786.71 | C6: 21340.99 | D6: 7.86 | E6: 8000 | F6: =E6/B6 | G6: =G5+F6 | H6: =SUM(E2:E6) | I6: =H6/G6 | J6: =G6*C6 | K6: =J6-H6 | L6: =K6/H6 | M6: =-E6 | N6: =DATE(2025,5,1)
A7: 2025-06 | B7: 21491.75 | C7: 22679.01 | D7: 5.52 | E7: 8000 | F7: =E7/B7 | G7: =G6+F7 | H7: =SUM(E2:E7) | I7: =H7/G7 | J7: =G7*C7 | K7: =J7-H7 | L7: =K7/H7 | M7: =-E7 | N7: =DATE(2025,6,1)
A8: 2025-07 | B8: 22478.14 | C8: 23218.12 | D8: 3.29 | E8: 8000 | F8: =E8/B8 | G8: =G7+F8 | H8: =SUM(E2:E8) | I8: =H8/G8 | J8: =G8*C8 | K8: =J8-H8 | L8: =K8/H8 | M8: =-E8 | N8: =DATE(2025,7,1)
A9: 2025-08 | B9: 22763.31 | C9: 23415.42 | D9: 2.86 | E9: 8000 | F9: =E9/B9 | G9: =G8+F9 | H9: =SUM(E2:E9) | I9: =H9/G9 | J9: =G9*C9 | K9: =J9-H9 | L9: =K9/H9 | M9: =-E9 | N9: =DATE(2025,8,1)
A10: 2025-09 | B10: 23231.11 | C10: 24679.99 | D10: 6.24 | E10: 8000 | F10: =E10/B10 | G10: =G9+F10 | H10: =SUM(E2:E10) | I10: =H10/G10 | J10: =G10*C10 | K10: =J10-H10 | L10: =K10/H10 | M10: =-E10 | N10: =DATE(2025,9,1)
A11: 2025-10 | B11: 24800.86 | C11: 25858.13 | D11: 4.26 | E11: 8000 | F11: =E11/B11 | G11: =G10+F11 | H11: =SUM(E2:E11) | I11: =H11/G11 | J11: =G11*C11 | K11: =J11-H11 | L11: =K11/H11 | M11: =-E11 | N11: =DATE(2025,10,1)
A12: 2025-11 | B12: 25972.94 | C12: 25434.89 | D12: -2.07 | E12: 8000 | F12: =E12/B12 | G12: =G11+F12 | H12: =SUM(E2:E12) | I12: =H12/G12 | J12: =G12*C12 | K12: =J12-H12 | L12: =K12/H12 | M12: =-E12 | N12: =DATE(2025,11,1)
A13: 2025-12 | B13: 25342.85 | C13: 25249.85 | D13: -0.37 | E13: 8000 | F13: =E13/B13 | G13: =G12+F13 | H13: =SUM(E2:E13) | I13: =H13/G13 | J13: =G13*C13 | K13: =J13-H13 | L13: =K13/H13 | M13: =-E13 | N13: =DATE(2025,12,1)
A14: 2026-01 | B14: 25206.17 | C14: 25552.39 | D14: 1.37 | E14: 8000 | F14: =E14/B14 | G14: =G13+F14 | H14: =SUM(E2:E14) | I14: =H14/G14 | J14: =G14*C14 | K14: =J14-H14 | L14: =K14/H14 | M14: =-E14 | N14: =DATE(2026,1,1)
A15: 2026-02 | B15: 25738.61 | C15: 24960.04 | D15: -3.02 | E15: 8000 | F15: =E15/B15 | G15: =G14+F15 | H15: =SUM(E2:E15) | I15: =H15/G15 | J15: =G15*C15 | K15: =J15-H15 | L15: =K15/H15 | M15: =-E15 | N15: =DATE(2026,2,1)
A16: 2026-03 | B16: 24992.6 | C16: 23740.19 | D16: -5.01 | E16: 8000 | F16: =E16/B16 | G16: =G15+F16 | H16: =SUM(E2:E16) | I16: =H16/G16 | J16: =G16*C16 | K16: =J16-H16 | L16: =K16/H16 | M16: =-E16 | N16: =DATE(2026,3,1)
A17: 2026-04 | B17: 24019.99 | C17: 27452.12 | D17: 14.29 | E17: 8000 | F17: =E17/B17 | G17: =G16+F17 | H17: =SUM(E2:E17) | I17: =H17/G17 | J17: =G17*C17 | K17: =J17-H17 | L17: =K17/H17 | M17: =-E17 | N17: =DATE(2026,4,1)
A18: 2026-05 | B18: 27710.36 | C18: 29234.99 | D18: 5.5 | E18: 8000 | F18: =E18/B18 | G18: =G17+F18 | H18: =SUM(E2:E18) | I18: =H18/G18 | J18: =G18*C18 | K18: =J18-H18 | L18: =K18/H18 | M18: =-E18 | N18: =DATE(2026,5,1)
A19: 2026-06 | B19: 30295.25 | C19: 30276.35 | D19: -0.06 | E19: 8000 | F19: =E19/B19 | G19: =G18+F19 | H19: =SUM(E2:E19) | I19: =H19/G19 | J19: =G19*C19 | K19: =J19-H19 | L19: =K19/H19 | M19: =-E19 | N19: =DATE(2026,6,1)
A20: 2026-07 | B20: 29914.28 | C20: 28454.81 | D20: -4.88 | E20: 8000 | F20: =E20/B20 | G20: =G19+F20 | H20: =SUM(E2:E20) | I20: =H20/G20 | J20: =G20*C20 | K20: =J20-H20 | L20: =K20/H20 | M20: =-E20 | N20: =DATE(2026,7,1)
M21: =J20 | N21: =DATE(2026,7,31)

Sheet 汇总指标
A1: 纳斯达克定投汇总（2025年1月起，每月8000元）
A3: 指标 | B3: 数值
A4: 投资起始月份 | B4: 2025-01
A5: 投资截止月份 | B5: 定投明细!A20
A6: 定投月数 | B6: =19
A7: 月定投金额(元) | B7: =8000.0
A8: 累计投入本金(元) | B8: =定投明细!H20
A9: 累计持有份额 | B9: =定投明细!G20
A10: 平均持仓成本(指数点) | B10: =定投明细!I20
A11: 期末指数(月末) | B11: =定投明细!C20
A12: 最终市值(元) | B12: =定投明细!J20
A13: 累计收益(元) | B13: =定投明细!K20
A14: 总收益率 | B14: =定投明细!L20
A15: 年化收益率-简单几何 | B15: =(1+定投明细!L20)^(12/19)-1
A16: 年化收益率-XIRR资金加权 | B16: =XIRR(定投明细!M2:M21,定投明细!N2:N21)
A17: 市值/本金倍数 | B17: =定投明细!J20/定投明细!H20
A18: 指数区间涨幅 | B18: =定投明细!C20/定投明细!B2-1
A19: 指数上涨月数 | B19: =COUNTIF(定投明细!D2:D20,">0")
A20: 指数下跌月数 | B20: =COUNTIF(定投明细!D2:D20,"<0")
A21: 最大单月涨幅 | B21: =MAX(定投明细!D2:D20)
A22: 最大单月跌幅 | B22: =MIN(定投明细!D2:D20)
A23: 最高累计收益率 | B23: =MAX(定投明细!L2:L20)
A24: 最低累计收益率 | B24: =MIN(定投明细!L2:L20)
